Parameter,Value
MSE,0.28222523744911804
MAE,0.14111261872455902
R-SQUARED,0.714090087700393
RMSE,0.5312487528918238
ACCURACY,92.94436906377204
