Parameter,Value
MSE,0.09668755595344673
MAE,0.048343777976723366
R-SQUARED,0.9019219512195122
RMSE,0.31094622678760186
ACCURACY,0.9758281110116384
